H,model,split,mae,rmse,mape_pct,smape_pct,bias,dir_acc
1,Naive,val,0.01002538461538463,0.014227516676118556,0.23626460731296062,0.23636880051888737,0.0008976923076923062,0.0
1,Naive,test,0.00608461538461535,0.008001672902010478,0.14319150554655108,0.14320458594421237,-1.153846153845856e-05,0.015384615384615385
1,SMA,val,0.01418338461538461,0.020064433285715364,0.3344558825748964,0.33466541782367165,0.002235384615384646,0.5153846153846153
1,SMA,test,0.008230384615384626,0.010669046601482978,0.1936829612797735,0.19370903331697936,0.00015361538461544473,0.5038461538461538
1,EMA,val,0.016974853688845208,0.023315036901870704,0.4003134505372709,0.4004053169636561,0.003900311021830052,0.5307692307692308
1,EMA,test,0.008327490546262216,0.010929754267834742,0.1959470834946226,0.19598432217517084,0.0003002877991441585,0.5461538461538461
1,Ridge,val,0.010236719461232894,0.01443752811012107,0.2412660425686843,0.24136080519897302,0.0011872946343828585,0.4846153846153846
1,Ridge,test,0.0061180615686972,0.008037345558398653,0.14400608790731512,0.14397622454880277,0.0011451250412178818,0.5461538461538461
1,ElasticNet,val,0.07398880772355179,0.08827864769891501,1.7587164083761948,1.7370565641842066,0.07056789164531649,0.4230769230769231
1,ElasticNet,test,0.06284017414837306,0.06609047039317205,1.4822116932532108,1.4701358389187433,0.06284017414837306,0.47692307692307695
1,MLPRegressor,val,0.03008023743940032,0.04338739380284979,0.7078656396655266,0.7072789776710916,0.006891438930590446,0.5
1,MLPRegressor,test,0.025612113588218653,0.03510494883208901,0.6035547692851375,0.6040835735298781,-0.0050791037590625495,0.47692307692307695
1,RandomForest,val,0.010259900000000145,0.013845123372786993,0.2417541606179153,0.24179270850426754,0.0015984384615385385,0.5615384615384615
1,RandomForest,test,0.006751446153846175,0.008650170801781765,0.15893112721118902,0.15892716824714723,0.0006072538461541587,0.47307692307692306
1,ExtraTrees,val,0.010631038461538523,0.014603775432559005,0.25045354274004933,0.25048925531542066,0.0019409923076923524,0.4846153846153846
1,ExtraTrees,test,0.0068321076923078174,0.008801764858429154,0.1608063107637299,0.16082155282689775,0.00012379230769230532,0.4807692307692308
1,HistGB,val,0.010492180125287742,0.014802383466287556,0.24718516566390553,0.24718140362513766,0.002180582063749796,0.5
1,HistGB,test,0.006775067085908465,0.008776801639421215,0.15949311670342828,0.1594881902669601,0.0009331197579966212,0.47307692307692306
1,SARIMAX,val,0.012252087974426774,0.017025073570315363,0.2886259624982989,0.28873550433650574,0.0007630655548173702,0.45384615384615384
1,SARIMAX,test,0.007059747580027955,0.009564224572180854,0.16612043004296506,0.16611069365127779,-6.746820451450064e-05,0.46923076923076923
7,Naive,val,0.024010769230769214,0.03404839316213138,0.566086740512174,0.5663905584966262,0.005424615384615368,0.0
7,Naive,test,0.012961153846153803,0.017126597623399825,0.30499038754404906,0.305040432722529,0.00034807692307693174,0.0
7,SMA,val,0.027447384615384648,0.03755642270176764,0.6472371268946808,0.647559484513402,0.006923076923076967,0.49230769230769234
7,SMA,test,0.012231615384615355,0.01664636412137912,0.287757540628473,0.2878304656861252,0.0003897692307692905,0.6461538461538462
7,EMA,val,0.029951428526010456,0.039692332779088874,0.706617785554659,0.7065906128947922,0.007859889436152486,0.5307692307692308
7,EMA,test,0.011941082108916572,0.016474540252445997,0.28091037434471355,0.2810015769319466,0.0006774342630747627,0.6730769230769231
7,Ridge,val,0.024644944299684973,0.0337325224336407,0.581373144256316,0.5812608762568781,0.008411161729257498,0.5153846153846153
7,Ridge,test,0.015006781100359674,0.018999863901114404,0.3533619022499186,0.3529248423086027,0.007136934115570402,0.5346153846153846
7,ElasticNet,val,0.07460944545283858,0.08886606800493947,1.7734101194342902,1.751448035888283,0.07130137259810994,0.4461538461538462
7,ElasticNet,test,0.06354490205759733,0.06676089699294442,1.498808031747077,1.4864874518026878,0.06354490205759733,0.49615384615384617
7,MLPRegressor,val,0.04949147778564748,0.06232172971129455,1.1648101849383572,1.1646532303899246,0.005612333095622259,0.43846153846153846
7,MLPRegressor,test,0.036070441642142875,0.04661532534219737,0.8495847786391169,0.8472476308448773,0.010887833074801073,0.5192307692307693
7,RandomForest,val,0.02893469230769229,0.038268406120051834,0.6814697760338326,0.6809037424948364,0.012913723076922984,0.47692307692307695
7,RandomForest,test,0.02076508076923024,0.02544598636546652,0.48909488428440934,0.4888852844378284,0.005943511538461293,0.4807692307692308
7,ExtraTrees,val,0.030050846153846268,0.038857295289697856,0.7068289125784626,0.7058568891783732,0.014370584615384699,0.47692307692307695
7,ExtraTrees,test,0.02166876153846103,0.027314005074883078,0.5106002628099163,0.5107545634310569,0.004304138461538419,0.4846153846153846
7,HistGB,val,0.028137048482398973,0.036822126766762796,0.6621604141054264,0.6618119589577082,0.011041759740132703,0.5076923076923077
7,HistGB,test,0.01813293652560228,0.02380540277044589,0.42704346839863616,0.42703002546011304,0.003669083069015954,0.49615384615384617
7,SARIMAX,val,0.031440072613844815,0.03951968561853882,0.740109428869163,0.7399889086167829,0.004224098564849187,0.49230769230769234
7,SARIMAX,test,0.01602432979799608,0.021167428464315987,0.3769824459732954,0.37707608607394905,-0.000685885556796278,0.45
30,Naive,val,0.06411000000000001,0.07404423573887335,1.5123417993010768,1.510593428918043,0.011977692307692302,0.0
30,Naive,test,0.02065615384615383,0.0274570223608292,0.4860337663555746,0.4862321869005883,0.0031369230769230766,0.0
30,SMA,val,0.06625030769230775,0.07516934577748692,1.562944762857455,1.5611882972221531,0.012360769230769234,0.4307692307692308
30,SMA,test,0.01949138461538461,0.02630698222613443,0.458676889814309,0.458947637305381,0.0032173846153846775,0.5692307692307692
30,EMA,val,0.06788796850247555,0.0760157503933611,1.601731961201893,1.599600790168948,0.014115040227010038,0.45384615384615384
30,EMA,test,0.018650982792439402,0.025379003221352135,0.43895481110563084,0.4393637368943115,0.0025519571181181603,0.5923076923076923
30,Ridge,val,0.05844801887357377,0.06904313292518399,1.3824425038550407,1.3758372734260893,0.025929514621877318,0.6615384615384615
30,Ridge,test,0.029529984878682455,0.033449858597019766,0.6955846493145444,0.6934668774045974,0.020274291475065567,0.4153846153846154
30,ElasticNet,val,0.0767204014108163,0.09087993397764221,1.8233873854611786,1.8003787985212294,0.07379613873026543,0.5769230769230769
30,ElasticNet,test,0.0659394645391509,0.0690440133067512,1.555199965383308,1.542027723854116,0.0659394645391509,0.36153846153846153
30,MLPRegressor,val,0.09554031548832004,0.1136880356143916,2.256435113635679,2.244457744001531,0.034320110924947494,0.4230769230769231
30,MLPRegressor,test,0.06934651189574331,0.08737953258285698,1.633101719072181,1.6194437803456665,0.04290497743317846,0.46923076923076923
30,RandomForest,val,0.06691722307692272,0.08137997359003839,1.5810635020590682,1.5767264606379328,0.015860853846153662,0.5153846153846153
30,RandomForest,test,0.03476284230769206,0.04596497803215122,0.8188176766400043,0.8142733697444329,0.023125149999999834,0.47692307692307695
30,ExtraTrees,val,0.07760415384615395,0.09476238437716814,1.8311429778707489,1.8334905284172733,0.007033569230769217,0.38461538461538464
30,ExtraTrees,test,0.03837619615384615,0.0512623000122147,0.9031295406047076,0.8977782125674407,0.024001003846153907,0.5038461538461538
30,HistGB,val,0.08131774419702524,0.0963519586382808,1.9176372674582018,1.9168235157724847,0.011888646717294787,0.27692307692307694
30,HistGB,test,0.04485991476438581,0.06809596578073218,1.0565953403665753,1.044951205676961,0.03328855795596504,0.6
30,SARIMAX,val,0.08407603608661612,0.09803378460330527,1.9813346970892134,1.9898872788967368,-0.008400428801819062,0.4461538461538462
30,SARIMAX,test,0.03414778278347963,0.04307186842428452,0.8032150290204747,0.8018341832483289,0.009719859527419562,0.36538461538461536
90,Naive,val,0.0672430769230769,0.08940941784845709,1.5995623424240597,1.5792978019361557,0.05249076923076926,0.0
90,Naive,test,0.037838076923076884,0.04569833652922675,0.8907389332853588,0.8934226483698395,-0.008554230769230793,0.0
90,SMA,val,0.06200085897435901,0.07493932665188864,1.473731437612765,1.4584086467742134,0.05644296153846163,0.6153846153846154
90,SMA,test,0.029663570512820484,0.03526255265450214,0.6988530364129373,0.6992274689251439,-0.0009880448717949114,0.7153846153846154
90,EMA,val,0.06288694846284369,0.08131981216260963,1.496157651512951,1.4783378206419397,0.05535801417401474,0.5769230769230769
90,EMA,test,0.03233394582819214,0.03970899048286695,0.7615731111299028,0.7632353754289234,-0.006520927822345192,0.6961538461538461
90,Ridge,val,0.06889137339976047,0.08556499511167298,1.6385079883951215,1.6180000768503393,0.0669435506867573,0.5538461538461539
90,Ridge,test,0.040263686293022904,0.05173563953605831,0.9504838800229627,0.9442705306467556,0.02465822304170881,0.573076923076923
90,ElasticNet,val,0.08528449123111614,0.09906027017559943,2.026034021412242,1.9986018829676613,0.08366388001389088,0.3923076923076923
90,ElasticNet,test,0.0753754589422555,0.07810584229459755,1.7774175831196775,1.760587093372297,0.0753754589422555,0.5269230769230769
90,MLPRegressor,val,0.10817706658739396,0.13471646702218196,2.559164548205149,2.544957387011212,0.011370146961783786,0.5230769230769231
90,MLPRegressor,test,0.11100514587274657,0.13370724281747168,2.6121786021313254,2.6267567031323695,-0.02315405203108966,0.5576923076923077
90,RandomForest,val,0.08040387692307682,0.09459662420761593,1.9092402267626558,1.8846039924046338,0.07547420000000005,0.5384615384615384
90,RandomForest,test,0.036089638461539064,0.04394836086949589,0.8488629145057233,0.8518416211118974,-0.023353853846154682,0.7423076923076923
90,ExtraTrees,val,0.07976513846153865,0.09370906726188434,1.8942087343166343,1.8698114289126322,0.07702301538461555,0.5
90,ExtraTrees,test,0.02788232692307718,0.034044809880339685,0.6558975077505526,0.6566605124707032,-0.0023139576923073063,0.75
90,HistGB,val,0.0784875526219128,0.09398981819543112,1.8632755282199314,1.8386318709070233,0.07816887103352514,0.6
90,HistGB,test,0.029652114528330435,0.03518379185090316,0.6978881932324856,0.699419472742778,-0.01115120654444211,0.7653846153846153
90,SARIMAX,val,0.08503017462302548,0.11387668948333035,2.016218616448856,1.991522988148833,0.04340224667462635,0.4846153846153846
90,SARIMAX,test,0.0737115332738008,0.09312242749068794,1.7351739720656727,1.7480403920831813,-0.028282705674555878,0.27307692307692305
180,Naive,val,0.06210923076923078,0.0797018839657653,1.4772356482036653,1.459674912180353,0.05666615384615393,0.0
180,Naive,test,0.038844999999999984,0.047486238087390185,0.9157725537238007,0.9137986686430746,0.012302692307692256,0.0
180,SMA,val,0.06163276923076928,0.0791468307349361,1.4662640483115048,1.4488710007794332,0.05727492307692317,0.5076923076923077
180,SMA,test,0.0371745384615385,0.04568889151306158,0.8763698207679123,0.8745006078444717,0.012491769230769225,0.5653846153846154
180,EMA,val,0.06167001671088211,0.0784290060904906,1.4674714917788465,1.4503209799442585,0.05824525444425774,0.5692307692307692
180,EMA,test,0.03556811532953602,0.04304645951845739,0.8384408686004735,0.8366767513278256,0.012759778746496565,0.6192307692307693
180,Ridge,val,0.11145950871721078,0.12737377688482324,2.6451279719961156,2.599945454186149,0.11145950871721078,0.2
180,Ridge,test,0.05983969460946221,0.06464825427547945,1.4109993199920081,1.3994618877162368,0.05983969460946221,0.4153846153846154
180,ElasticNet,val,0.0999965989755675,0.11307396821827187,2.37378822619854,2.338084616903104,0.0998620547572637,0.23076923076923078
180,ElasticNet,test,0.09085007683576363,0.09312786506119987,2.1418447517649417,2.1179746920065803,0.09085007683576363,0.4
180,MLPRegressor,val,0.2796144864111219,0.342610488304349,6.6059842311722905,6.948104639887191,-0.25837712292023335,0.7384615384615385
180,MLPRegressor,test,0.21554019396732027,0.2558645299415789,5.073533107750056,4.916217374952851,0.18067301459867738,0.46923076923076923
180,RandomForest,val,0.043127169230769306,0.05036460287741775,1.020984222111322,1.0177631307857806,0.011693276923076585,0.7461538461538462
180,RandomForest,test,0.0712232153846155,0.08968627379971225,1.680186514435671,1.6582745305263185,0.06810033076923092,0.41923076923076924
180,ExtraTrees,val,0.04234375384615333,0.0548854527018979,1.0075900521415113,0.9995924624868239,0.03410830769230772,0.7538461538461538
180,ExtraTrees,test,0.0778803423076921,0.08904746511778876,1.8357548694585648,1.8140044128870894,0.07785688846153827,0.3923076923076923
180,HistGB,val,0.04439472871798302,0.05056090636592766,1.0496597107880972,1.0477124855763875,0.005820680609410695,0.7615384615384615
180,HistGB,test,0.08715775719062571,0.1096940047445686,2.055987590628423,2.0232435479349946,0.08415795997901208,0.4
180,SARIMAX,val,0.11643819697367103,0.13475361132545882,2.749012419097568,2.8009243854890875,-0.11505484510317526,0.8
180,SARIMAX,test,0.0752556774199486,0.09941471624282863,1.7717963114696387,1.7912991902965463,-0.03873490527687496,0.5038461538461538
365,Naive,val,0.23456461538461545,0.2622924495232814,5.561095331393839,5.37368881694856,0.23456461538461545,0.0
365,Naive,test,0.06322384615384614,0.0713617496120457,1.4903796524985458,1.47637692769878,0.06287999999999999,0.0
365,SMA,val,0.23759338461538465,0.26306594524508936,5.631293063667906,5.4428213892317086,0.23759338461538465,0.4
365,SMA,test,0.0635248461538462,0.07110801712887237,1.4975448061303573,1.483633273147272,0.06341069230769235,0.4807692307692308
365,EMA,val,0.24058609618102222,0.2623861582246869,5.699707727185951,5.512221900449293,0.24058609618102222,0.36923076923076925
365,EMA,test,0.06426659167486487,0.07067995255833377,1.5150350697214727,1.5012836761048804,0.06421909067356373,0.4807692307692308
365,Ridge,val,0.1764162528967879,0.19687931820991103,4.181145815749767,4.074632826649145,0.1764162528967879,0.7769230769230769
365,Ridge,test,0.09404408079788307,0.09926178895704883,2.216569300698573,2.1897394782368003,0.09163548879606281,0.2692307692307692
365,ElasticNet,val,0.10834352656292287,0.12063006282173111,2.570708333813893,2.530143948677717,0.10834352656292287,0.9692307692307692
365,ElasticNet,test,0.09869367656430716,0.10079436781672363,2.3265614834303507,2.298631624966453,0.09869367656430716,0.1576923076923077
365,MLPRegressor,val,0.21169955350524292,0.27465439360356353,4.998816364181049,5.082183858120043,-0.056812314648406685,0.8769230769230769
365,MLPRegressor,test,0.30190106692651425,0.3965430882484321,7.103272937606193,7.496284918002674,-0.18397260433409576,0.7153846153846154
365,RandomForest,val,0.3525919230769229,0.3795650683315348,8.350974833922177,7.964830871436591,0.3525919230769229,0.13846153846153847
365,RandomForest,test,0.07626236923076958,0.10312721517024166,1.7981046049325544,1.7692166388810937,0.07489787692307705,0.5307692307692308
365,ExtraTrees,val,0.32057305384615375,0.35406006963574554,7.59939358335095,7.262152681419471,0.32057305384615375,0.14615384615384616
365,ExtraTrees,test,0.08498485384615385,0.10612342467980013,2.003895693015027,1.9732124845739447,0.08481277692307697,0.4576923076923077
365,HistGB,val,0.35318318728166864,0.3784961634753762,8.363259382575476,7.979302779301757,0.3530713718274704,0.13076923076923078
365,HistGB,test,0.06511517304415673,0.08872550336741397,1.535338693168797,1.5139372450484498,0.06324130148453007,0.5576923076923077
365,SARIMAX,val,0.22268002119257876,0.25613810548029425,5.253610785736369,5.353937584085048,-0.12494467088239651,1.0
365,SARIMAX,test,0.30303301281156675,0.35071865137514824,7.123085243652849,7.4812585752388525,-0.3025410984421558,0.9692307692307692
